applicant_id,first_name,last_name,email,phone_number
1,Faunie,Blaxlande,fblaxlande0@ebay.com,128-455-6151
2,Kissie,Fanstone,kfanstone1@bandcamp.com,590-334-0838
3,Bryn,Caffrey,bcaffrey2@deviantart.com,692-510-5995
4,Royall,Elnor,relnor3@pbs.org,293-638-8333
5,Garfield,MacColm,gmaccolm4@ftc.gov,749-858-1031
6,Nolana,Rekes,nrekes5@businesswire.com,349-536-8261
7,Griselda,Middlebrook,gmiddlebrook6@miibeian.gov.cn,998-295-5913
8,Calhoun,Barroux,cbarroux7@cam.ac.uk,144-756-1643
9,Domenico,Pimlett,dpimlett8@dagondesign.com,578-332-7652
10,Alvinia,Thew,athew9@adobe.com,436-252-8898
11,Raina,Benfield,rbenfielda@youtu.be,874-979-7137
12,Rosalie,Newgrosh,rnewgroshb@hostgator.com,398-289-7453
13,Hope,Castle,hcastlec@weather.com,976-803-5470
14,Barbi,Terney,bterneyd@blogs.com,110-978-0931
15,Glenden,Boniface,gbonifacee@t.co,924-469-7086
16,Lucina,Mudie,lmudief@cmu.edu,499-825-4363
17,Reynard,Petty,rpettyg@technorati.com,687-352-0328
18,Sibella,Squier,ssquierh@cnn.com,657-995-5713
19,Danell,Chippendale,dchippendalei@amazon.co.jp,620-704-4171
20,Guillermo,Domenichelli,gdomenichellij@rambler.ru,677-801-4815
21,Jeannine,Casoni,jcasonik@blogspot.com,314-644-5546
22,Thomasina,Count,tcountl@army.mil,591-295-3100
23,Maximilian,Farres,mfarresm@microsoft.com,704-261-5003
24,Rozelle,Mingardo,rmingardon@army.mil,625-947-7957
25,Lin,MacGall,lmacgallo@dot.gov,485-641-9407
26,Lyndsey,Levecque,llevecquep@irs.gov,760-417-2206
27,Germain,Chree,gchreeq@psu.edu,252-902-2075
28,Lazar,Justun,ljustunr@nationalgeographic.com,765-162-0794
29,Maria,McGilvray,mmcgilvrays@ow.ly,577-744-6958
30,Stefanie,Etheridge,setheridget@goo.gl,795-537-4479
31,Dalt,Gon,dgonu@nationalgeographic.com,878-870-8279
32,Rickert,Gilliland,rgillilandv@privacy.gov.au,511-336-8090
33,Douglas,Bolger,dbolgerw@webs.com,780-620-1353
34,Fiona,Livingston,flivingstonx@msn.com,769-800-4746
35,Faith,Manders,fmandersy@dailymail.co.uk,241-145-7513
36,Adelbert,Patullo,apatulloz@merriam-webster.com,759-375-9989
37,Yule,Broggelli,ybroggelli10@guardian.co.uk,974-142-5373
38,Troy,Potbury,tpotbury11@hibu.com,299-696-1910
39,Karylin,Kalvin,kkalvin12@ft.com,584-123-5442
40,Dickie,Pigdon,dpigdon13@howstuffworks.com,686-933-9256
41,Petronille,Golda,pgolda14@odnoklassniki.ru,161-171-2341
42,Mead,Dignan,mdignan15@google.it,673-244-3198
43,Stan,Addlestone,saddlestone16@liveinternet.ru,761-269-3049
44,Ariella,Tregoning,atregoning17@themeforest.net,631-158-2965
45,Erik,Skoughman,eskoughman18@cbsnews.com,727-838-3563
46,Roley,Chadbourne,rchadbourne19@rambler.ru,954-583-0158
47,Grace,Allso,gallso1a@dedecms.com,878-933-9277
48,Brendon,Ivey,bivey1b@unesco.org,404-111-2766
49,Roch,Klagges,rklagges1c@slate.com,934-913-8163
50,Kingsley,Medwell,kmedwell1d@dailymail.co.uk,334-147-5837
51,Britta,Renyard,brenyard1e@tumblr.com,122-100-5852
52,Georgiana,Colten,gcolten1f@google.it,171-432-6829
53,Durand,Rapps,drapps1g@earthlink.net,958-540-1060
54,Ximenez,Fedder,xfedder1h@eepurl.com,462-693-8205
55,Micheal,Whiteley,mwhiteley1i@zimbio.com,601-585-3860
56,Papageno,Wilstead,pwilstead1j@webmd.com,435-722-6576
57,Garrott,Emm,gemm1k@dedecms.com,311-139-6907
58,Johanna,Strathe,jstrathe1l@seattletimes.com,782-213-0572
59,Lorianne,Ranahan,lranahan1m@hubpages.com,423-696-5065
60,Mommy,Dufore,mdufore1n@zimbio.com,587-569-1775
61,Killy,Baynon,kbaynon1o@adobe.com,957-428-2014
62,Berthe,Vondra,bvondra1p@themeforest.net,716-307-1424
63,Windy,Mathonnet,wmathonnet1q@eepurl.com,311-355-7838
64,Eba,Lean,elean1r@toplist.cz,396-381-9185
65,Fredra,Reide,freide1s@npr.org,431-106-7116
66,Lana,Balazot,lbalazot1t@mit.edu,707-986-3275
67,Moishe,Fraczkiewicz,mfraczkiewicz1u@cafepress.com,980-414-7543
68,Gannie,Empson,gempson1v@census.gov,899-858-9475
69,Moria,Bru,mbru1w@cbslocal.com,490-823-1235
70,Chilton,Brine,cbrine1x@mysql.com,705-612-1979
71,Judith,Oiseau,joiseau1y@time.com,745-248-4566
72,Charmain,Boulton,cboulton1z@liveinternet.ru,403-870-5683
73,Libbi,Tommis,ltommis20@discovery.com,198-695-6452
74,Leila,Haggerwood,lhaggerwood21@etsy.com,526-729-3027
75,Johnette,Armin,jarmin22@t-online.de,895-729-1753
76,Walden,Gittis,wgittis23@berkeley.edu,789-858-7401
77,Leann,Hassen,lhassen24@canalblog.com,176-502-1936
78,Fanya,Honisch,fhonisch25@google.co.jp,224-595-2668
79,Odelinda,Aizlewood,oaizlewood26@dyndns.org,806-977-4523
80,Nadya,Matschek,nmatschek27@acquirethisname.com,325-204-0963
81,Mordy,Grigorushkin,mgrigorushkin28@opera.com,315-278-1920
82,Ragnar,Kolodziejski,rkolodziejski29@livejournal.com,615-441-8168
83,Roseanna,Ranyelld,rranyelld2a@ucla.edu,621-117-4783
84,Fairlie,Dear,fdear2b@wunderground.com,244-961-9183
85,Anders,Tume,atume2c@sphinn.com,501-555-0613
86,Babbette,DeSousa,bdesousa2d@house.gov,781-737-2871
87,Zebedee,Menicomb,zmenicomb2e@ezinearticles.com,141-207-5406
88,Franz,Hoonahan,fhoonahan2f@symantec.com,407-690-0948
89,Harbert,Burchess,hburchess2g@github.io,406-141-8623
90,Mandie,Maddra,mmaddra2h@4shared.com,867-515-2015
91,Bay,Bullar,bbullar2i@bandcamp.com,476-405-1028
92,Dixie,Tulley,dtulley2j@oracle.com,135-864-9705
93,Wynn,Luggar,wluggar2k@webeden.co.uk,610-999-8736
94,Peadar,Chanson,pchanson2l@ehow.com,644-870-0347
95,Jo,Scourfield,jscourfield2m@youku.com,308-326-6685
96,Vladamir,Sorton,vsorton2n@is.gd,840-356-6833
97,Delmor,Jaouen,djaouen2o@yahoo.com,363-645-4325
98,Rhianna,Sleightholm,rsleightholm2p@mashable.com,121-715-0358
99,Adolphe,Rosenschein,arosenschein2q@plala.or.jp,409-565-7020
100,Craggy,Stormouth,cstormouth2r@biblegateway.com,749-663-4396
